quarter,quarter_start,quarter_end,release_date,release_lag_days,initial_value
1991Q4,1991-10-01,1991-12-31,1992-01-29,29,4866.3
1992Q1,1992-01-01,1992-03-31,1992-04-28,28,4891.9
1992Q2,1992-04-01,1992-06-30,1992-07-30,30,4890.5
1992Q3,1992-07-01,1992-09-30,1992-10-27,27,4924.5
1992Q4,1992-10-01,1992-12-31,1993-01-28,28,4979.8
1993Q1,1993-01-01,1993-03-31,1993-04-29,29,5013.1
1993Q2,1993-04-01,1993-06-30,1993-07-29,29,5019.5
1993Q3,1993-07-01,1993-09-30,1993-10-28,28,5138.0
1993Q4,1993-10-01,1993-12-31,1994-01-28,28,5212.1
1994Q1,1994-01-01,1994-03-31,1994-04-28,28,5259.0
1994Q2,1994-04-01,1994-06-30,1994-07-29,29,5309.2
1994Q3,1994-07-01,1994-09-30,1994-10-28,28,5359.2
1994Q4,1994-10-01,1994-12-31,1995-01-27,27,5426.8
1995Q1,1995-01-01,1995-03-31,1995-04-28,28,5471.7
1995Q2,1995-04-01,1995-06-30,1995-07-28,28,5477.3
1995Q3,1995-07-01,1995-09-30,1995-10-27,27,5544.6
1995Q4,1995-10-01,1995-12-31,1996-02-23,54,6783.8
1996Q1,1996-01-01,1996-03-31,1996-05-02,32,6823.6
1996Q2,1996-04-01,1996-06-30,1996-08-01,32,6885.1
1996Q3,1996-07-01,1996-09-30,1996-10-30,30,6929.7
1996Q4,1996-10-01,1996-12-31,1997-01-31,31,7008.7
1997Q1,1997-01-01,1997-03-31,1997-04-30,30,7089.4
1997Q2,1997-04-01,1997-06-30,1997-07-31,31,7139.7
1997Q3,1997-07-01,1997-09-30,1997-10-31,31,7221.8
1997Q4,1997-10-01,1997-12-31,1998-01-30,30,7290.3
1998Q1,1998-01-01,1998-03-31,1998-04-30,30,7356.0
1998Q2,1998-04-01,1998-06-30,1998-07-31,31,7491.0
1998Q3,1998-07-01,1998-09-30,1998-10-30,30,7559.5
1998Q4,1998-10-01,1998-12-31,1999-01-29,29,7670.0
1999Q1,1999-01-01,1999-03-31,1999-04-30,30,7762.5
1999Q2,1999-04-01,1999-06-30,1999-07-29,29,7803.6
1999Q3,1999-07-01,1999-09-30,1999-10-28,28,8882.6
1999Q4,1999-10-01,1999-12-31,2000-01-28,28,9026.9
2000Q1,2000-01-01,2000-03-31,2000-04-27,27,9156.6
2000Q2,2000-04-01,2000-06-30,2000-07-28,28,9308.8
2000Q3,2000-07-01,2000-09-30,2000-10-27,27,9382.2
2000Q4,2000-10-01,2000-12-31,2001-01-31,31,9401.5
2001Q1,2001-01-01,2001-03-31,2001-04-27,27,9439.9
2001Q2,2001-04-01,2001-06-30,2001-07-27,27,9351.6
2001Q3,2001-07-01,2001-09-30,2001-10-31,31,9333.4
2001Q4,2001-10-01,2001-12-31,2002-01-30,30,9315.6
2002Q1,2002-01-01,2002-03-31,2002-04-26,26,9482.1
2002Q2,2002-04-01,2002-06-30,2002-07-31,31,9387.9
2002Q3,2002-07-01,2002-09-30,2002-10-31,31,9465.2
2002Q4,2002-10-01,2002-12-31,2003-01-30,30,9503.2
2003Q1,2003-01-01,2003-03-31,2003-04-25,25,9556.0
2003Q2,2003-04-01,2003-06-30,2003-07-31,31,9608.1
2003Q3,2003-07-01,2003-09-30,2003-10-30,30,9797.2
2003Q4,2003-10-01,2003-12-31,2004-01-30,30,10597.1
2004Q1,2004-01-01,2004-03-31,2004-04-29,29,10708.6
2004Q2,2004-04-01,2004-06-30,2004-07-30,30,10778.0
2004Q3,2004-07-01,2004-09-30,2004-10-29,29,10883.4
2004Q4,2004-10-01,2004-12-31,2005-01-28,28,10975.7
2005Q1,2005-01-01,2005-03-31,2005-04-28,28,11078.2
2005Q2,2005-04-01,2005-06-30,2005-07-29,29,11092.0
2005Q3,2005-07-01,2005-09-30,2005-10-28,28,11193.2
2005Q4,2005-10-01,2005-12-31,2006-01-27,27,11233.5
2006Q1,2006-01-01,2006-03-31,2006-04-28,28,11381.4
2006Q2,2006-04-01,2006-06-30,2006-07-28,28,11385.3
2006Q3,2006-07-01,2006-09-30,2006-10-27,27,11432.9
2006Q4,2006-10-01,2006-12-31,2007-01-31,31,11541.6
2007Q1,2007-01-01,2007-03-31,2007-04-27,27,11549.1
2007Q2,2007-04-01,2007-06-30,2007-07-27,27,11507.9
2007Q3,2007-07-01,2007-09-30,2007-10-31,31,11630.7
2007Q4,2007-10-01,2007-12-31,2008-01-30,30,11677.4
2008Q1,2008-01-01,2008-03-31,2008-04-30,30,11693.1
2008Q2,2008-04-01,2008-06-30,2008-07-31,31,11700.6
2008Q3,2008-07-01,2008-09-30,2008-10-30,30,11720.0
2008Q4,2008-10-01,2008-12-31,2009-01-30,30,11599.4
2009Q1,2009-01-01,2009-03-31,2009-04-29,29,11340.9
2009Q2,2009-04-01,2009-06-30,2009-07-31,31,12892.4
2009Q3,2009-07-01,2009-09-30,2009-10-29,29,13014.0
2009Q4,2009-10-01,2009-12-31,2010-01-29,29,13155.0
2010Q1,2010-01-01,2010-03-31,2010-04-30,30,13254.7
2010Q2,2010-04-01,2010-06-30,2010-07-30,30,13216.5
2010Q3,2010-07-01,2010-09-30,2010-10-29,29,13260.7
2010Q4,2010-10-01,2010-12-31,2011-01-28,28,13382.6
2011Q1,2011-01-01,2011-03-31,2011-04-28,28,13438.8
2011Q2,2011-04-01,2011-06-30,2011-07-29,29,13270.1
2011Q3,2011-07-01,2011-09-30,2011-10-27,27,13352.8
2011Q4,2011-10-01,2011-12-31,2012-01-27,27,13422.4
2012Q1,2012-01-01,2012-03-31,2012-04-27,27,13502.4
2012Q2,2012-04-01,2012-06-30,2012-07-27,27,13558.0
2012Q3,2012-07-01,2012-09-30,2012-10-26,26,13616.2
2012Q4,2012-10-01,2012-12-31,2013-01-30,30,13647.6
2013Q1,2013-01-01,2013-03-31,2013-04-26,26,13750.1
2013Q2,2013-04-01,2013-06-30,2013-07-31,31,15648.7
2013Q3,2013-07-01,2013-09-30,2013-11-07,38,15790.1
2013Q4,2013-10-01,2013-12-31,2014-01-30,30,15965.6
2014Q1,2014-01-01,2014-03-31,2014-04-30,30,15946.6
2014Q2,2014-04-01,2014-06-30,2014-07-30,30,15985.7
2014Q3,2014-07-01,2014-09-30,2014-10-30,30,16150.6
2014Q4,2014-10-01,2014-12-31,2015-01-30,30,16311.6
2015Q1,2015-01-01,2015-03-31,2015-04-29,29,16304.8
2015Q2,2015-04-01,2015-06-30,2015-07-30,30,16270.4
2015Q3,2015-07-01,2015-09-30,2015-10-29,29,16394.2
2015Q4,2015-10-01,2015-12-31,2016-01-29,29,16442.3
2016Q1,2016-01-01,2016-03-31,2016-04-28,28,16492.7
2016Q2,2016-04-01,2016-06-30,2016-07-29,29,16575.1
2016Q3,2016-07-01,2016-09-30,2016-10-28,28,16702.1
2016Q4,2016-10-01,2016-12-31,2017-01-27,27,16804.8
2017Q1,2017-01-01,2017-03-31,2017-04-28,28,16842.4
2017Q2,2017-04-01,2017-06-30,2017-07-28,28,17010.7
2017Q3,2017-07-01,2017-09-30,2017-10-27,27,17156.946
2017Q4,2017-10-01,2017-12-31,2018-01-26,26,17272.468
2018Q1,2018-01-01,2018-03-31,2018-04-27,27,17385.831
2018Q2,2018-04-01,2018-06-30,2018-07-27,27,18507.2
2018Q3,2018-07-01,2018-09-30,2018-10-26,26,18671.497
2018Q4,2018-10-01,2018-12-31,2019-02-28,59,18784.632
2019Q1,2019-01-01,2019-03-31,2019-04-26,26,18912.326
2019Q2,2019-04-01,2019-06-30,2019-07-26,26,19023.82
2019Q3,2019-07-01,2019-09-30,2019-10-30,30,19112.542
2019Q4,2019-10-01,2019-12-31,2020-01-30,30,19219.767
2020Q1,2020-01-01,2020-03-31,2020-04-29,29,18987.877
2020Q2,2020-04-01,2020-06-30,2020-07-30,30,17205.822
2020Q3,2020-07-01,2020-09-30,2020-10-29,29,18583.984
2020Q4,2020-10-01,2020-12-31,2021-01-28,28,18780.325
2021Q1,2021-01-01,2021-03-31,2021-04-29,29,19087.568
2021Q2,2021-04-01,2021-06-30,2021-07-29,29,19358.176
2021Q3,2021-07-01,2021-09-30,2021-10-28,28,19465.195
2021Q4,2021-10-01,2021-12-31,2022-01-27,27,19805.962
2022Q1,2022-01-01,2022-03-31,2022-04-28,28,19735.895
2022Q2,2022-04-01,2022-06-30,2022-07-28,28,19681.682
2022Q3,2022-07-01,2022-09-30,2022-10-27,27,20021.721
2022Q4,2022-10-01,2022-12-31,2023-01-26,26,20198.091
2023Q1,2023-01-01,2023-03-31,2023-04-27,27,20235.878
2023Q2,2023-04-01,2023-06-30,2023-07-27,27,20404.088
2023Q3,2023-07-01,2023-09-30,2023-10-26,26,22491.567
2023Q4,2023-10-01,2023-12-31,2024-01-25,25,22672.859
2024Q1,2024-01-01,2024-03-31,2024-04-25,25,22768.866
2024Q2,2024-04-01,2024-06-30,2024-07-25,25,22918.739
2024Q3,2024-07-01,2024-09-30,2024-10-30,30,23386.248
2024Q4,2024-10-01,2024-12-31,2025-01-30,30,23530.909
2025Q1,2025-01-01,2025-03-31,2025-04-30,30,23526.085
2025Q2,2025-04-01,2025-06-30,2025-07-30,30,23685.287
2025Q3,2025-07-01,2025-09-30,2025-12-23,84,24024.957
2025Q4,2025-10-01,2025-12-31,2026-02-20,51,24111.83
2026Q1,2026-01-01,2026-03-31,2026-04-30,30,24174.527
2026Q2,2026-04-01,2026-06-30,2026-07-30,30,24270.599
