cutoff_date,real_pce_growth_1,real_pce_growth_3,real_disposable_income_growth_1,real_disposable_income_growth_3,housing_starts_growth_1,housing_starts_growth_3,industrial_production_growth_1,industrial_production_growth_3,nonfarm_payrolls_diff_1,nonfarm_payrolls_diff_3,cpi_growth_1,cpi_growth_3,news_sentiment_latest,news_sentiment_mean_30d,news_sentiment_mean_90d,news_sentiment_momentum,quarter_end,gdp_initial,initial_growth,last_quarter_gdp,target
1992-01-18,0.36079046046673113,0.28730382254131825,-0.45199093871115537,-0.2686159419855727,-2.1346518207170817,0.942514045958287,-0.18535686493228454,-0.5550430530648853,31.0,-227.0,0.28985527540115186,0.79913247653014,-0.0085058603435754,-0.06663611495168878,-0.0912081377412606,0.024572022789571824,1991-12-31,1.0,0.2964607935914243,,0.2964607935914243
1992-04-18,0.5644871981168365,1.3455156171557903,0.6837633477603688,1.3467554364639867,6.195334300342381,19.961305390401574,0.28024306057021775,-0.18639334380630146,19.0,4.0,0.5034171005637411,0.8645586992853893,0.0538064166903495,0.08175594521065548,0.06123859832166795,0.020517346888987528,1992-03-31,1.004909613804437,1.9783555016385843,1.0,1.9783555016385843
1992-07-18,0.2535620774136049,-0.093414299179706,0.091787781981445,0.4374423603938027,-3.2043213638199397,-13.823326065840114,-0.36900410874531886,0.5560718684697541,-117.0,153.0,0.28551054369794215,0.6435488781991516,-0.0246320478618145,0.00969239526117841,0.014894139113150422,-0.005201743851972012,1992-06-30,1.0083736106675831,1.3859750116860914,1.004909613804437,1.3859750116860914
1992-10-18,0.05730054290715714,0.969469541684731,-0.5605710065946568,-0.5829286166592951,9.936040810334745,3.3706437881910745,-0.2758622439079872,0.09212345193203575,-57.0,-14.0,0.21269061545066137,0.6394337950726303,-0.0629325583577156,-0.05935476608574386,-0.01274443146798552,-0.04661033461775834,1992-09-30,1.0149897485349753,2.650421534049774,1.0083736106675831,2.650421534049774
1993-01-18,0.3012544595613065,1.2708098491485131,-0.11921100370759774,0.5396096760639679,1.459879942115272,0.7272759329080003,0.36264772291740854,1.4585491018893393,64.0,214.0,0.0703482266085409,0.7057192309998683,0.1863998025655746,0.23191442787647246,0.10492045098863954,0.12699397688783293,1992-12-31,1.024473711363575,3.7902722107579168,1.0149897485349753,3.7902722107579168
1993-04-18,0.2955608937661225,1.0591842208558688,-0.09349650069232496,0.8509749092963759,2.514801428322855,-1.479073800139652,0.0,0.8968669982760247,-22.0,458.0,0.13937284486038592,0.9797139244983377,0.1699274331331253,0.21033479670683536,0.21815681589974292,-0.007822019192907564,1993-03-31,1.029051286855161,1.79930333629994,1.024473711363575,1.79930333629994
1993-07-18,0.09745582036195799,0.3992847764950014,0.42986088889147567,0.7101270502552381,2.3587917524475976,5.281755583941461,-0.18148825308230698,0.0,13.0,483.0,0.0,0.5555569844602815,0.1243675798177719,0.10465889821449911,0.11436582952737805,-0.009706931312878933,1993-06-30,1.0330852485788675,1.577275689007318,1.029051286855161,1.577275689007318
1993-10-18,0.15297363466846292,1.0466138880168785,1.1933089798473517,0.5394192759798244,7.532971940404476,5.835961518558275,0.09013069560124265,0.45146803545259573,156.0,352.0,0.0,0.3456622867910042,0.1964344978332519,0.2139304692546526,0.1588850083450476,0.05504546090960499,1993-09-30,1.040354365300214,2.844372809020057,1.0330852485788675,2.844372809020057
1994-01-18,0.2830959412024825,0.9698506481347735,0.5068975450994273,0.9760610174389228,3.8438895946987017,7.539801748421215,0.7042282625413065,2.3071120901311915,183.0,547.0,0.2055499182096021,0.8247469430017418,0.3801373839378357,0.39237017631530763,0.3423972442746162,0.04997293204069142,1993-12-31,1.0552966910031032,5.870052942759618,1.040354365300214,5.870052942759618
1994-04-18,0.6686713870292849,1.0446330944684945,1.0460484932869107,1.0700104737260574,3.9740328649514822,-7.148530646071016,0.5203827875027045,1.393750784378156,456.0,623.0,0.3402521145840609,0.6132898268697673,0.1402951031923294,0.15252217749754582,0.23804351389408107,-0.08552133639653525,1994-03-31,1.0620417364485073,2.581260436901589,1.0552966910031032,2.581260436901589
1994-07-18,0.1687669167449002,0.016863880418860333,1.0170421143104846,1.1169501021134565,2.548763052014902,12.843559977259122,0.42900108695080874,0.7735320048420924,379.0,1032.0,0.2704531736418936,0.6095514978976979,0.1701300740242004,0.1327112992604573,0.14479446974065566,-0.012083170480198357,1994-06-30,1.0717515324081304,3.707488280125548,1.0620417364485073,3.707488280125548
1994-10-18,0.7401751549606317,1.020916496004176,0.3262475325851,0.38639319148963125,2.0315935160367005,-3.3415996919843316,0.0,1.0160968031408757,239.0,775.0,0.20100509280238654,0.8739551424963743,0.1793779879808426,0.19596517533063887,0.21816064698828588,-0.022195471657647015,1994-09-30,1.0808473330350674,3.438203352360869,1.0717515324081304,3.438203352360869
1995-01-18,0.49662124416851583,1.0624563876730164,-0.294709540214555,1.4789038352764905,6.713930283762792,5.129329438755015,0.9102255644764412,1.996738551386823,256.0,906.0,0.19993342214821297,0.5340466631317042,0.2114769220352172,0.23705887049436566,0.21236534847153554,0.024693522022830122,1994-12-31,1.0928903124491718,4.531909590378702,1.0808473330350674,4.531909590378702
1995-04-18,-0.06029379704699522,0.3130150825905176,0.33989480774838654,1.2536793069218177,-8.239020105877337,-24.357744577875362,-0.3276006205900295,0.1642036493744392,203.0,717.0,0.1984783979385618,0.7962882154894046,0.0597492679953575,0.011161120585165907,0.07180934766980092,-0.06064822708463501,1995-03-31,1.1005130705267276,2.819269597793994,1.0928903124491718,2.819269597793994
1995-07-18,0.5990416863454584,0.8737746814786007,0.6465759212247235,-0.22557067515958096,-1.283096993674171,-6.256927108817223,0.08267879759946695,-0.8230499136515412,215.0,177.0,0.13123361463502903,0.7899975253156555,0.0244035888463258,-0.019774012644787328,0.019422332956451592,-0.03919634560123892,1995-06-30,1.1019616170081068,0.5275390168647531,1.1005130705267276,0.5275390168647531
1995-10-18,0.8214042400716437,0.9435690148041687,-0.13093621249229415,0.6521927109211845,0.5738896669018168,8.662128531314028,-0.2443993069878303,0.9836144876713249,121.0,411.0,0.13063359140552677,0.45796612590240926,0.2234494686126709,0.2270119130611419,0.15638351744661724,0.07062839561452466,1995-09-30,1.1133671747627736,4.204813607794833,1.1019616170081068,4.204813607794833
1996-01-18,0.17519983996550081,0.46157042605354803,0.396626687238566,0.8327196887684352,5.575095407206909,1.9915309700941464,0.24459857282597142,0.08146639961763569,166.0,326.0,0.0,0.45647291521149214,0.0022517913021147,0.05227134074084456,0.12869202310943764,-0.07642068236859309,1995-12-31,1.115916883139888,0.9191865533940912,1.1133671747627736,0.9191865533940912
1996-04-18,0.9054127558830061,0.9920716286748288,0.5326561864428925,1.0180891841981676,-3.9300450551492006,1.5320633928732619,-0.48465361425291675,0.5684140354990319,140.0,618.0,0.38634948250440004,0.968686941822039,0.0919745489954948,0.10362654204169904,0.07287459544216589,0.030751946599533148,1996-03-31,1.1236730530204884,2.809316401581974,1.115916883139888,2.809316401581974
1996-07-18,0.690952164589298,0.8065764414366683,1.1833278841686834,0.3769845734504784,1.2920955007460933,2.809365987079282,0.47846981233359287,1.684757057261077,239.0,795.0,0.06379585543321298,0.7682496172016329,0.0655907019972801,0.059705470222979735,0.10611147002006567,-0.046405999797085935,1996-06-30,1.135347920894496,4.221186137614352,1.1236730530204884,4.221186137614352
1996-10-18,0.5413944505319179,-0.055253316604542135,0.4816455713438472,1.113643186004687,-6.13606676480698,-3.5522860658512734,0.23631361922831218,0.5522696482651135,-40.0,452.0,0.2538072428471594,0.6357300495467122,0.2288546860218048,0.24059186081091558,0.18455601160724955,0.05603584920366603,1996-09-30,1.1414590266985738,2.170479478128806,1.135347920894496,2.170479478128806
1997-01-18,0.3133869502550013,0.5894718199105142,0.2690532125480871,0.360852783435206,8.833325424754523,-1.2471444874420534,0.7776088949907667,1.4826646946574762,262.0,650.0,0.25173078113773784,0.8204526931966605,0.3410662710666656,0.33131911158561705,0.2877305545740657,0.04358855701155134,1996-12-31,1.1546885111168947,4.71721208627105,1.1414590266985738,4.71721208627105
1997-04-18,0.0689000037695564,1.2369559721230772,0.5519581647023486,1.66315586222332,-6.585344571888019,5.184746453196354,0.8793462028322985,1.5955700569485032,175.0,727.0,0.06255865077342548,0.43873464296257936,0.2741701602935791,0.256644332408905,0.29245541443427403,-0.035811082025369034,1997-03-31,1.170555922198692,5.611032212631861,1.1546885111168947,5.611032212631861
1997-07-18,0.36168660032611655,0.5284193039654994,0.32686326661579557,0.8740208591870413,4.724177676330221,-1.8424267326058619,0.2898613285634788,0.8712753874960733,217.0,710.0,0.12484396128389363,0.24984397755991594,0.4101680219173431,0.3418136462569237,0.2689436266819636,0.07287001957496009,1997-06-30,1.1768359408755775,2.1633269787601384,1.170555922198692,2.1633269787601384
1997-10-18,0.19439931636515695,1.4081840140018898,0.4375371195751043,0.8923843211174898,7.616136096556403,-0.19980026626731373,0.7059923630129639,2.050507271614599,215.0,639.0,0.24829311328256054,0.6218925515655727,0.1897177696228027,0.2377956653634707,0.33435389217403194,-0.09655822681056125,1997-09-30,1.1870598633743847,3.5206023352248206,1.1768359408755775,3.5206023352248206
1998-01-18,0.2762825525843837,0.6615059589035965,0.5564296961484416,1.1121558523027986,0.7868893061910853,9.302670140221814,0.4834706583797477,2.010157547694913,370.0,1073.0,0.0617856059197841,0.3712875552426276,0.1693481057882309,0.24774004220962523,0.22289177336626578,0.024848268843359445,1997-12-31,1.1996149877957134,4.298256515414534,1.1870598633743847,4.298256515414534
1998-04-18,0.33908879890809374,1.4039281746116572,0.4879330300298079,1.6691563305061052,-2.7908788117076533,3.1951599806602893,0.18891224336989865,-0.14946574657175304,-36.0,615.0,0.0,0.0617474548794128,0.1949595659971237,0.18677364885807035,0.14904757309705016,0.03772607576102019,1998-03-31,1.2121384409650091,4.241671116672219,1.1996149877957134,4.241671116672219
1998-07-18,0.44639831288275644,1.0067132353110964,0.27472034800588574,0.8170907681115835,-0.7163820933634213,-5.468622469455919,-0.6196018888286581,0.08280021407447435,205.0,834.0,0.06136851987630365,0.6153865574378692,-0.0589807406067848,-0.044985960371559455,0.07645587372373684,-0.1214418340952963,1998-06-30,1.216409107032953,1.416765252288843,1.2121384409650091,1.416765252288843
1998-10-18,0.5111733238891247,0.8612047951535473,0.3565532026261309,0.89095786463389,-5.605564992641554,4.761292805962025,-0.28562134255691873,0.9190387129035749,69.0,496.0,0.0,0.3674223361884721,-0.1718518882989883,-0.1563528344035148,-0.055477501990066645,-0.10087533241344815,1998-09-30,1.2262881930781224,3.2883965299332685,1.216409107032953,3.2883965299332685
1999-01-18,0.02100940656148964,1.1428037290933446,0.35153973443708963,0.9520081551224635,-2.6923552652400318,1.7125800823922788,0.22846811951149348,0.6907681056629755,378.0,793.0,0.12165451622037082,0.5486146036779438,0.1791948527097702,0.09388285283930596,0.024404600927502726,0.06947825191180323,1998-12-31,1.2430622402576093,5.584777764584947,1.2262881930781224,5.584777764584947
1999-04-18,0.7031197969606495,1.7107711991148022,0.5004485248811363,0.8691649487380104,-1.3498517670895716,0.9101314246345638,0.10928345066671952,0.30553955230647745,46.0,560.0,0.18198367169857121,0.3642991278500318,0.1574919670820236,0.168297150482734,0.18644268024298877,-0.01814552976025477,1999-03-31,1.256791830886814,4.491725083553355,1.2430622402576093,4.491725083553355
1999-07-18,0.5838944011502534,1.0493549530769641,0.3222315024784095,0.6107529399814737,6.152001062420354,-4.434799045430893,0.15214573123323305,0.6249740002137294,268.0,584.0,0.0,0.7246408520767744,0.2340905368328094,0.1817551106214523,0.16187552602754696,0.019879584593905347,1999-06-30,1.263918337479811,2.2875232150931346,1.256791830886814,2.2875232150931346
1999-10-18,0.6394964643515522,1.121816968434075,0.4939973266672837,1.2141099967415414,0.3586375631227767,0.47846981233359287,-0.32455439264573727,0.6247118684505892,-8.0,468.0,0.29949108938529534,0.5998818229253189,0.087669238448143,0.10829457019766167,0.14158136778407623,-0.03328679758641456,1999-09-30,1.2788919673408254,4.823674409968182,1.263918337479811,4.823674409968182
2000-01-18,0.4250402309370571,1.086698765152505,0.38079951899643305,1.0702266659526671,-2.2861669143262375,-3.3797379583290876,0.4043982873482399,1.7433201884954563,315.0,821.0,0.23724803536309125,0.5346018078361325,0.2753813564777374,0.2464512581626574,0.19788516821960606,0.04856608994305134,1999-12-31,1.2970395141888071,5.797983395914419,1.2788919673408254,5.797983395914419
2000-04-18,0.5235783267545813,1.7215878467302659,-0.10488972116977635,0.5012852035681803,-11.916750216576855,-9.791390573332492,0.27499276964668695,1.3768775294106916,416.0,817.0,0.70340266573794,1.4117881545784527,0.2578024566173553,0.2276862755417823,0.2508008938696649,-0.023114618327882613,2000-03-31,1.3141760739633106,5.390483357647469,1.2970395141888071,5.390483357647469
2000-07-18,0.22847657669835542,0.5858172554765062,0.36526076920644357,1.0734823051199882,-3.941396854087653,-13.494371141557515,0.20560256734816207,1.5211723844076097,11.0,592.0,0.5820738203809128,0.6404679826242266,0.2296367287635803,0.2246356030305226,0.20414824850029412,0.020487354530228485,2000-06-30,1.3309038749004185,5.189534585226596,1.3141760739633106,5.189534585226596
2000-10-18,0.6091839185877745,1.2077307317207797,0.2847609015701025,0.5165356160301116,0.3273325344968825,-2.644462386914004,0.2414532260139879,0.420862461124738,252.0,121.0,0.519781707361755,0.6936443996656827,0.1654319912195205,0.1936503248910109,0.2492754142317507,-0.055625089340739814,2000-09-30,1.3399442353808613,2.7448684920764688,1.3309038749004185,2.7448684920764688
2001-01-18,0.14425039347880642,0.8196573771019899,0.08541273168880537,0.41707785555846755,0.31796529173799826,2.4422807721137474,-0.5530953851970111,-1.1253025635038938,105.0,230.0,0.17206772240792034,0.517093941623159,0.1210531592369079,0.13961623037854826,0.17004063501954075,-0.030424404640992497,2000-12-31,1.3445205965028193,1.3731494640889297,1.3399442353808613,1.3731494640889297
2001-04-18,0.06072921962747557,0.8049245181540599,0.14462639440235847,0.3840999722880767,-1.2935197294739353,2.257149116217061,0.3803326334754331,-0.5678003857899405,-86.0,343.0,0.05673759017454927,0.9689445998323443,0.0868537724018096,0.015538133758430665,0.06717120130132466,-0.051633067542894,2001-03-31,1.351133204054522,1.9818367392447025,1.3445205965028193,1.9818367392447025
2001-07-18,0.1501536647932511,0.6548954161443632,0.0709792906196327,0.5221943981151611,2.9377877716731504,4.062096929091208,-0.6846635436139614,-1.7295066000952986,-114.0,-271.0,0.22509857563193236,0.903450526796501,0.0514117144048213,0.07761385006209211,0.11443385783996843,-0.03682000777787632,2001-06-30,1.3536083637084226,0.7347815524357371,1.351133204054522,0.7347815524357371
2001-10-18,0.21012630755699035,0.7793716190860778,1.8614000735791336,3.8116818964601507,1.665637482767579,-3.7410846442599954,-1.0310173796192146,-1.745896094079047,-199.0,-265.0,0.056353903999184496,0.0,-0.3324690759181976,-0.2678643874824047,-0.07323007760828155,-0.19463430987412317,2001-09-30,1.35240569723243,-0.3549223314620486,1.3536083637084226,-0.3549223314620486
2002-01-18,-0.6381466378279299,0.40400980165316014,0.0960792358009499,-3.0568826947208194,-3.4432196421484207,-0.950878796902721,-0.12132730621479126,-1.2529324728419944,-124.0,-943.0,-0.1690617477906997,-0.5063301956546695,-0.1406966149806976,-0.14862028583884238,-0.21413544954525096,0.06551516370640859,2001-12-31,1.3531610363828004,0.2235933167614501,1.35240569723243,0.2235933167614501
2002-04-18,0.531471906230685,1.102526853104635,0.5628776389524859,2.6262235618037977,-8.107031297672407,2.709525360871101,0.7134033140682838,1.5701143162814013,58.0,-53.0,0.3365118150314039,0.7305455362236479,-0.0256261099129915,-0.028470612092254027,-0.0662802570370129,0.03780964494475887,2002-03-31,1.3724844643139458,5.83560891594237,1.3531610363828004,5.83560891594237
2002-07-18,0.033233632741946906,0.22983996932470774,0.3445775219578451,0.44161503171284977,-3.6986898736312668,-0.17926506145196086,0.7891911619283043,1.4192866816810756,36.0,39.0,0.0,0.8391657636248162,-0.140437051653862,-0.11713331714272496,-0.082622100205885,-0.034511216936839964,2002-06-30,1.3761050605063323,1.0593775384006854,1.3724844643139458,1.0593775384006854
2002-10-18,0.09065498845526321,1.2904777774869203,0.20503835742999854,0.8369318030794659,12.465685045078523,8.548341750365474,-0.10173266531250391,0.12820240639719316,-43.0,118.0,0.16606701851404893,0.6102654168563149,-0.2155500650405883,-0.17086812704801557,-0.13474977720114917,-0.036118349846866404,2002-09-30,1.3867711786875068,3.1366119658184477,1.3761050605063323,3.1366119658184477
2003-01-18,0.46591216838880456,0.003018412315292096,0.302142630271085,0.646148947328129,2.385324780766407,3.9668662613213,-0.18517771055384102,-0.576983624095817,-101.0,-120.0,0.05508124622881638,0.44150182091167167,-0.0502882674336433,-0.05594308997193969,-0.06804852888324399,0.012105438911304299,2002-12-31,1.389344255007919,0.7442457764122556,1.3867711786875068,0.7442457764122556
2003-04-18,-0.43077312972066295,0.3435445692035799,-0.2160464357977787,0.2742367043932603,7.948106767000596,-2.4418527348145425,-0.5107688922119991,0.2281518426007878,-108.0,-262.0,0.32679767646159874,1.2585665443082483,-0.2398883551359176,-0.21843779534101485,-0.12243689977460434,-0.0960008955664105,2003-03-31,1.3948618121972296,1.598023646652691,1.389344255007919,1.598023646652691
2003-07-18,0.26068642286958266,1.0754158849882955,0.393010247186254,0.6413599724924168,3.6716917377979996,3.4418065790869257,0.08574217671908357,-0.3676742401897748,-30.0,-122.0,0.16353233407304657,-0.16326534238855217,0.0235616024583578,0.00016599666172016555,-0.06749188972688797,0.06765788638860813,2003-06-30,1.4030539968354483,2.370023475783989,1.3948618121972296,2.370023475783989
2003-10-18,0.5004253807506132,1.7001830002060458,0.6183480658025431,2.128783343871987,3.339028555053236,2.3580942588906417,0.38772378897702353,1.1146684614250724,57.0,-41.0,0.27063615977427347,0.7596346891934225,0.1229241788387298,0.13005152568221087,0.11216029104673196,0.01789123463547891,2003-09-30,1.4275033353891473,7.1546409859365,1.4030539968354483,7.1546409859365
2004-01-18,0.5172540845888918,0.43399125125969107,0.5947935128789439,-0.3668011499149415,4.445176257083361,12.268634158490421,0.07954606136157949,1.5088478737776079,1.0,144.0,0.21645030095722717,0.0,0.208544448018074,0.24647904882828392,0.2531802929109997,-0.006701244082715774,2003-12-31,1.4416517135500788,4.02384044712234,1.4275033353891473,4.02384044712234
2004-04-18,0.015910055188506078,0.7077885968570286,0.15564791574149694,0.8919744178168543,6.1652803427787894,-2.6550232094121107,-0.23025608707802903,1.2291113982373147,308.0,513.0,0.48192864359490883,1.2362425650413122,0.1649120450019836,0.12721809173623716,0.1813310178617636,-0.05411292612552643,2004-03-31,1.4564081036709442,4.157593434797646,1.4416517135500788,4.157593434797646
2004-07-18,0.43072571975812934,0.7453909537447956,0.031038742807609765,0.6238618604022861,-0.7092228309492299,3.7290700872532057,-0.29562937259344224,1.3316606639214967,112.0,671.0,0.3172927040576923,1.1683616708485722,0.3171382546424866,0.3274392773707708,0.2948793939418263,0.0325598834289445,2004-06-30,1.467367753341008,3.044196331942306,1.4564081036709442,3.044196331942306
2004-10-18,0.0026155757538504076,0.5797117684327446,0.3621762078122259,0.5846429138607334,0.6018072325562507,1.0555513939516814,0.14667978835118944,0.691532378080506,96.0,309.0,0.05281225367008702,0.3172927040576923,0.1518319249153137,0.18008187909921006,0.21261714994907374,-0.032535270849863684,2004-09-30,1.480796888806506,3.711302777484948,1.467367753341008,3.711302777484948
2005-01-18,0.025879247575844033,0.9620208875791292,0.1681373891432969,0.49275624738189805,-14.091513279162093,-13.056256313072012,0.8361616191928434,1.797699219283455,157.0,606.0,0.15702698855983854,0.945881986532271,0.3547811210155487,0.31365486383438107,0.23827482610940928,0.07538003772497179,2004-12-31,1.4923131404346313,3.147303600432938,1.480796888806506,3.147303600432938
2005-04-18,0.28194664258016644,1.1054102097901364,0.06743791369725471,1.1588758045336434,0.5481968959328398,19.562145474229098,0.296574405286254,0.5236123368020706,110.0,477.0,0.3652495581574655,0.4175371410481077,0.1591225415468216,0.2231535787383715,0.2931951683428552,-0.0700415896044837,2005-03-31,1.5037013208992782,3.087610315160072,1.4923131404346313,3.087610315160072
2005-07-18,-0.03815774457720522,0.557488288061947,0.13282722839065286,0.19991717412466414,0.19930250742650202,-10.346723623224019,0.8611481404585675,0.8914989454094524,146.0,542.0,0.0,0.4647568396547008,0.2105750888586044,0.19890718062718704,0.19217544330490957,0.00673173732227747,2005-06-30,1.5163742284886126,3.413980344658829,1.5037013208992782,3.413980344658829
2005-10-18,-0.9905073906846695,0.9478502110756182,-0.5357857882023254,-0.07267128880261708,-1.285873306176022,-1.5802797994910023,-1.3424602037325428,-1.1524980135092733,-35.0,453.0,1.2164366924944936,2.24156099522812,0.0770645290613174,0.07141408013800775,0.2006365893201695,-0.12922250918216177,2005-09-30,1.5305955356850574,3.804502182758851,1.5163742284886126,3.804502182758851
2006-01-18,0.7150131881898503,0.21498041841940818,0.7029002024115272,3.393142772584312,5.12189237490448,1.998163530962227,0.6150322561313537,2.3991340709500264,108.0,438.0,-0.05056890120407331,-0.4038369950674081,0.3804259598255157,0.35854272544384,0.2667876601219177,0.09175506532192235,2005-12-31,1.5348584621120749,1.118719793215206,1.5305955356850574,1.118719793215206
2006-04-18,0.10104728250475148,1.1272634618940458,0.18741881487347456,0.8004894169852506,-8.129780667733044,-1.4687526629409753,0.5779703495479183,0.7043979368292597,211.0,590.0,0.050238634565857865,0.6550791881538842,0.2703591287136078,0.27406424880027763,0.31259526775942903,-0.0385310189591514,2006-03-31,1.5530202875707768,4.817834865149773,1.5348584621120749,4.817834865149773
2006-07-18,0.06950823207638734,0.4202679483915617,-0.030432692249959814,-0.0036524121142633703,4.922459679448732,-8.564781788965892,0.7875672937813327,1.754194892954164,121.0,325.0,0.4467617259716228,1.3965314248641114,0.2241615951061248,0.21925578514734897,0.2563451336489783,-0.03708934850162934,2006-06-30,1.5624758651231456,2.457735865891486,1.5530202875707768,2.457735865891486
2006-10-18,-0.1282573214652416,0.5543813928763797,0.16136072396211176,0.8503646380322749,5.689288011560567,-3.3845116674678266,-0.5987329438727151,-0.23431516826137866,51.0,362.0,-0.4921269774806447,0.19753092842540454,0.2127367407083511,0.14069573556383444,0.16647223507364586,-0.025776499509811424,2006-09-30,1.5686225374176914,1.5828822775964202,1.5624758651231456,1.5828822775964202
2007-01-18,0.5290338860545418,1.2963859955357648,0.2691472507665438,1.558485500377671,4.356631702322122,-4.8732161211265,0.3798476179087906,0.24201617061256897,167.0,407.0,0.5438826756861914,0.049321825907444605,0.2810527682304382,0.2713028187553087,0.2540406563215785,0.017262162433730188,2006-12-31,1.5820696358509223,3.473366565438507,1.5686225374176914,3.473366565438507
2007-04-18,0.17550553110901035,0.8989261343771204,0.14135276931313,0.858252599460485,0.7936549595735976,-7.3025135014890274,-0.15847103670125762,0.22882215576043308,180.0,455.0,0.6062817432986201,1.1501649052734209,0.0795362815260887,0.08696773971120511,0.2096646755105919,-0.12269693579938679,2007-03-31,1.5870303510297827,1.260145824166159,1.5820696358509223,1.260145824166159
2007-07-18,0.06379508753457941,0.2192402159881368,-0.0939650988822649,-0.37884386644915224,2.2751756983415916,-1.6227536621756578,0.5447445398992556,0.8308182144044274,132.0,444.0,0.1912465567214916,1.2777157818326224,0.1143120303750038,0.1280213537315527,0.11934036860863363,0.00868098512291908,2007-06-30,1.600282720555845,3.3822389847223855,1.5870303510297827,3.3822389847223855
2007-10-18,0.6408502327532872,1.0113286457492876,0.44062539017328817,1.2280128515472555,-10.812746497690728,-20.91076398191607,0.05668071590436696,0.7499390013365748,110.0,292.0,0.26632710499763235,0.24418627963198603,-0.0906746834516525,-0.18691771676143007,-0.08527742055658664,-0.10164029620484342,2007-09-30,1.6156464126152437,3.895902294036113,1.600282720555845,3.895902294036113
2008-01-18,0.5445104793439626,0.8449589741715613,-0.2516360535217643,-0.23212531394545266,-15.35824979937912,-16.122584730635925,-0.04430114145703712,-0.21027773778108383,18.0,292.0,0.2821745899791672,1.3675198571006852,-0.2016976624727249,-0.1424721909066041,-0.1192105036642816,-0.0232616872423225,2007-12-31,1.6182100728776512,0.6362205519658382,1.6156464126152437,0.6362205519658382
2008-04-18,0.0,0.07055264536219852,0.34630282180661,0.6350394267723658,-12.677684737568473,-5.44561857960586,0.32793050575294913,-0.2832917326163198,-80.0,-232.0,0.3428263492192052,0.762861333220588,-0.2731262445449829,-0.28287820915381107,-0.26614921076430215,-0.01672899838950892,2008-03-31,1.620621650364917,0.5974437447809011,1.6182100728776512,0.5974437447809011
2008-07-18,0.3577778820750055,0.7658491806086687,5.1178612838402415,5.254880453703237,8.718195268300732,7.59859069779214,0.48261225965475774,-0.44127115694427843,-62.0,-191.0,1.0500980816222416,1.9048460341068107,-0.3123707175254822,-0.3068406323591868,-0.2674711164500978,-0.03936951590908899,2008-06-30,1.6282196189472562,1.8885513894914885,1.620621650364917,1.8885513894914885
2008-10-18,0.0036174433120095273,-0.7424170954452691,-0.9014635370832025,-4.954504219402267,-6.515032904897655,-28.737602807295737,-2.8550614571670963,-3.8396843525970503,-159.0,-299.0,-0.03061506605011033,0.6464709733764451,-0.4942660331726074,-0.4209699362516403,-0.3565546413262685,-0.06441529492537179,2008-09-30,1.627192210896008,-0.2521615647424591,1.6282196189472562,-0.2521615647424591
2009-01-18,0.5550700783791385,-0.37922661502687305,1.0052629455154616,1.722285151404357,-20.993672382692807,-31.217954405216908,-2.0216742428677215,-1.5592602517385146,-524.0,-1531.0,-0.7396100138393535,-3.403976772902606,-0.3770123720169067,-0.38558654487133026,-0.4054411470890044,0.019854602217674155,2008-12-31,1.6114932320504043,-3.803667045424542,1.627192210896008,-3.803667045424542
2009-04-18,-0.1756569287204357,-0.07078782256915161,-0.4470451280246479,1.0323169994782333,-11.472826566142658,-8.99482366629396,-1.490750722698131,-5.149496749461235,-663.0,-2055.0,-0.13764885747367117,0.5359542020279662,-0.2099945098161697,-0.2810674940546354,-0.328656731877062,0.04758923782242663,2009-03-31,1.5861504062072391,-6.143679685185943,1.6114932320504043,-6.143679685185943
2009-07-18,0.19050183440771917,-0.1073026892045803,1.5572166063709147,2.8060358332062663,3.4968597837747417,11.072040597807131,-0.3959804579189985,-2.340206541980283,-467.0,-1308.0,0.7408741342630698,0.817003746248357,-0.30806764960289,-0.32744695742925006,-0.2912492189142439,-0.036197738515006184,2009-06-30,1.5821007858160063,-1.017340613111506,1.5861504062072391,-1.017340613111506
2009-10-18,0.9380212880879313,1.3259408657045668,-0.19806067933725302,-1.8841960654738088,1.5164570299044833,8.185594479771652,0.6591711656721344,2.7550961713072475,-263.0,-768.0,0.1683599682499093,0.6191768764742811,-0.0909475237131118,-0.10207520971695577,-0.18921913570827903,0.08714392599132326,2009-09-30,1.5958965722287726,3.5338544720342924,1.5821007858160063,3.5338544720342924
2010-01-18,0.21979925239179465,-0.13981654048524916,0.23890373435655476,0.6456569865408213,8.542884777820436,-1.2121360532344028,0.6358886232554539,1.429954907372455,-85.0,-208.0,0.1338574365387757,0.8076991839213399,0.0517926700413227,0.09795414588103687,0.02640147110796532,0.07155267477307156,2009-12-31,1.6182856245794728,5.7308533351730695,1.5958965722287726,5.7308533351730695
2010-04-18,0.3391157365493669,0.7536040725046433,0.018005581778801627,-0.07498838031558819,1.610340756657891,8.846465438535844,0.09412951576353024,1.3439977202341247,162.0,162.0,0.06340163770230944,0.23220910163530561,-0.0583667233586311,-0.0445436876985089,-0.060964772755202484,0.016421085056693582,2010-03-31,1.6312324018490088,3.2387298309743295,1.6182856245794728,3.2387298309743295
2010-07-18,0.26985981550193827,0.6984547463334323,0.47039419310834774,1.3649993025985907,-10.552913550478138,-2.003405903311606,0.07351240420394589,1.715053648240783,-125.0,621.0,-0.13589681305914425,-0.36810591469444987,-0.1895216554403305,-0.19657149215539296,-0.193783713132143,-0.0027877790232499755,2010-06-30,1.6408791547962844,2.3865793742806174,1.6312324018490088,2.3865793742806174
2010-10-18,0.1653514093389319,0.43759511170300414,0.22355976841215153,0.2118324290389495,10.017147510415025,1.6863806052004549,-0.2227365781016566,0.6582392191961439,-95.0,-218.0,0.10171309539463991,0.6629919461176748,-0.1229579374194145,-0.11500184461474415,-0.1399985287752416,0.024996684160497454,2010-09-30,1.6490618502608652,2.009680499622024,1.6408791547962844,2.009680499622024
2011-01-18,0.3228275677704673,1.0455229285298628,0.23971633736898923,0.2620673750847402,3.857227478623937,-10.102681440070782,0.8381748198194927,0.9696335733650585,103.0,384.0,0.5034171005637411,0.8572314841734041,-0.0106597021222114,-0.012967061693780115,-0.0774490658426657,0.06448200414888558,2010-12-31,1.661990067952032,3.172966411356337,1.6490618502608652,3.172966411356337
2011-04-18,0.25298916325589005,0.34311890315645854,-0.08951905765375301,0.5833510844453826,-25.478786004677545,-13.457468953710094,0.7966220733238494,1.010317872213573,216.0,478.0,0.5473811226655911,1.4894026620895673,-0.1161425784230232,-0.1282428498069445,-0.06179675384709195,-0.06644609595985256,2011-03-31,1.6692065531096103,1.748174860837759,1.661990067952032,1.748174860837759
2011-07-18,-0.12757591705589988,-0.010549636047407773,0.07848647480255266,-0.013559322054668144,3.4517504882713546,7.79615414697119,0.1935900798189394,-0.026105972131063027,18.0,260.0,-0.22266368293575312,0.3635604302848705,-0.2775485515594482,-0.2511899222930272,-0.176223699003458,-0.07496622328956923,2011-06-30,1.6745317004528188,1.2822102128453583,1.6692065531096103,1.2822102128453583
2011-10-18,-0.03184814829939597,0.23918497203414546,-0.2869132287640852,-0.2702319250325047,-5.120572487919706,3.203120813367555,0.18597716672914544,1.2823805151818135,103.0,287.0,0.37326280405434176,0.6491225970976622,-0.2667312920093536,-0.29525382220745083,-0.3445908857716454,0.049337063564194594,2011-09-30,1.684751645579831,2.463706699186252,1.6745317004528188,2.463706699186252
2012-01-18,0.1591777908901193,0.867473280027653,-0.005920078936050288,0.2291789091724894,8.847229762930464,15.780699103036877,0.43645687896347596,0.7225000754448985,200.0,412.0,-0.018964327275305948,0.19956385158561574,-0.1908327490091323,-0.28547298113505043,-0.21987858638167376,-0.06559439475337667,2011-12-31,1.696226295990783,2.752313655087635,1.684751645579831,2.752313655087635
2012-04-18,0.4735140690915074,0.7316875047290949,-0.14961937868083197,-0.010764420664521879,-5.936460904960583,-4.045495469231319,-0.004763344614389098,0.6847562578495392,120.0,635.0,0.2906908901374905,0.9054478244135744,0.0060682334005832,-0.0026254043409911373,-0.06908436003011752,0.06645895568912638,2012-03-31,1.7054975008553093,2.204303477982106,1.696226295990783,2.204303477982106
2012-07-18,0.1431789092322333,0.10448994190195293,0.34229409246648856,0.6534215435918256,6.664600347713634,7.370319578713502,0.42428055630336914,0.9827480711250836,80.0,225.0,0.03981231390568496,-0.2097371190688868,-0.1890943497419357,-0.22143394351005552,-0.14619463617758202,-0.0752393073324735,2012-06-30,1.7120132023778565,1.5369440758632669,1.7054975008553093,1.5369440758632669
2012-10-18,0.08006946713638996,0.3498655130171002,-0.3286781673375927,-0.03204272390568974,14.010603826660795,14.539705590102336,0.4087375017069128,-0.33314604549206095,114.0,437.0,0.5685625349258316,1.2155825807555587,-0.03813211992383,-0.024942720174537178,-0.12624693297338022,0.10130421279884304,2012-09-30,1.720567898012132,2.013776401479772,1.7120132023778565,2.013776401479772
2013-01-18,0.5829109165111035,0.853257228215476,0.8384716328800224,0.8462591883702686,11.425154287491246,12.369671344643152,0.25896714506439267,0.9403560599451133,155.0,453.0,-0.019913247570091386,-0.18815169274999377,-0.056197166442871,-0.03448577472784866,-0.005552538219287988,-0.028933236508560674,2012-12-31,1.719950371353992,-0.1434861791685282,1.720567898012132,-0.1434861791685282
2013-04-18,0.29173706848446557,0.7826216446725098,0.6773155254379049,-0.7671238732472219,6.789033554285151,5.353111446496239,0.40634738631775136,1.3804617437828348,88.0,504.0,-0.18490254886387447,0.5191207769101425,-0.0200198404490947,-0.015744780253832358,-0.048046178845268274,0.032301398591435916,2013-03-31,1.730610856700464,2.5023996973169593,1.719950371353992,2.5023996973169593
2013-07-18,0.17324897334258793,0.3776377527891839,0.3893980824004828,1.0016132617872486,-10.440311970149896,-18.41142074084745,0.3122332555176577,-0.03694238241642722,195.0,589.0,0.478942338788535,0.25962652456410495,0.1435571759939193,0.08981719836592668,0.04428098244372648,0.045536215922200196,2013-06-30,1.7378069747141958,1.6736578785802705,1.730610856700464,1.6736578785802705
2013-10-18,0.1631907408738087,0.40146073395170845,0.3127284648456907,0.36437113316516445,0.9019226866849195,-3.094169488487797,0.40461019746906857,0.5015682598375371,169.0,445.0,0.08910900162080182,0.7284762003425982,-0.245430439710617,-0.09510893022331098,0.021002797177061414,-0.11611172740037239,2013-09-30,1.750042788537703,2.8462652781616304,1.7378069747141958,2.8462652781616304
2014-01-18,0.518446563055619,1.1363338026145087,0.10648857106172471,0.31041094647683565,-10.265415406008316,13.481922280895198,0.3068688620676774,1.6162274167816904,74.0,515.0,0.2967114194897924,0.27106129558731595,0.1406226903200149,0.14086229329307867,-0.02110307215868186,0.16196536545176055,2013-12-31,1.7639973448749349,3.2278873406731856,1.750042788537703,3.2278873406731856
2014-04-18,0.18782460499089382,0.16478790742997518,0.25961548951016766,0.19486133999997435,2.7868899008791637,-7.922923654757508,0.7319622864650377,1.6837425753149837,192.0,533.0,0.2000812036845545,0.4448856208739471,0.0710302367806434,0.06871392279863352,0.09134827235506636,-0.022634349556432842,2014-03-31,1.7644731349794347,0.107932733023075,1.7639973448749349,0.107932733023075
2014-07-18,-0.07895413725851341,0.3662064047299296,0.1993344917343265,0.7351106123072881,-9.80550602955903,-6.187540371808797,0.21878273667725878,0.7317266007954792,288.0,816.0,0.3502793348594935,0.8105886179405886,0.0145978592336177,0.056449797997871975,0.048789800241744716,0.00765999775612726,2014-06-30,1.781636728452456,3.948069197213111,1.7644731349794347,3.948069197213111
2014-10-18,0.5276238186880278,0.7099259134330183,0.31579543719324477,0.6995896129058821,6.0809004595605565,11.226730187108114,1.0082752576125564,1.0740542943596942,248.0,671.0,-0.2023827996459282,0.14541288222682525,0.1077024862170219,0.11456633756558093,0.06592759562319966,0.04863874194238127,2014-09-30,1.7972381793424423,3.5490014252322233,1.781636728452456,3.5490014252322233
2015-01-18,0.7315941127833625,1.1012233646722436,0.49508341421375945,0.8145312001419214,-1.6401718383801445,6.53170342169842,-0.1104435918692026,1.1568715462215273,252.0,866.0,-0.3732191381144112,-0.6264504996704723,0.2385978102684021,0.22090092351039248,0.15247640374323557,0.06842451976715691,2014-12-31,1.80899382226898,2.6421620521699385,1.7972381793424423,2.6421620521699385
2015-04-18,-0.07345893349040011,0.19376026442667893,0.23647227171306184,1.6762807246868405,1.9629856044885763,-15.476758299302862,-0.6414708606411246,-0.9505498953834568,126.0,591.0,0.23528123550882185,-0.23049685645242235,0.1607602536678314,0.14839600895841912,0.1623437304463651,-0.013947721487945985,2015-03-31,1.810115097137797,0.2481639884775566,1.80899382226898,0.2481639884775566
2015-07-18,0.5530967878355497,1.0393547291911887,0.17633320973260425,0.3920935634194933,9.369308936299703,20.750832893975524,0.3286175731497032,-0.35733311422410097,223.0,664.0,0.3180175251975115,0.8641606722651574,-0.0339217707514762,0.045977207669056906,0.09127945383338047,-0.045302246164323566,2015-06-30,1.8205322690727632,2.3219392733284883,1.810115097137797,2.3219392733284883
2015-10-18,0.4395377286348534,0.8014951882143961,0.34647351127272685,0.9095963002792473,-3.061017299825508,4.914546706888867,-0.18546321194916615,0.4284004350953552,142.0,501.0,-0.1535236065381973,-0.09256299151276792,-0.0031821837183088,0.03167226777101552,0.051488962011515226,-0.019816694240499706,2015-09-30,1.827286705051715,1.4923369492965357,1.8205322690727632,1.4923369492965357
2016-01-18,0.2954002873316597,0.5153053202644031,0.2257573906662813,0.8411090696512247,9.941064685159162,4.981370571221966,-0.3632255904895132,-1.4313858147108505,292.0,851.0,0.028982281108369534,0.07562358303614403,0.1344633549451828,0.15822182595729825,0.101998942435926,0.05622288352137225,2015-12-31,1.8304371993707695,0.6914408143651407,1.827286705051715,0.6914408143651407
2016-04-18,0.19442849882729263,0.3998243987686223,0.27958787062729584,0.9228689547498448,5.0489399922391875,0.16992357529597157,-0.596423047424377,-0.6631352166982296,215.0,628.0,0.08956598941569638,-0.05084450306087618,0.0010464041261002,-0.013032187734885759,-0.017292916266079462,0.004260728531193704,2016-03-31,1.8328932521014591,0.5377951007623949,1.8304371993707695,0.5377951007623949
2016-07-18,0.2551032896970895,1.0058943558153288,0.07714055470415815,0.5532275003186982,-0.25740039951731575,-4.123428065266754,0.6002564674719046,0.750401492432573,287.0,442.0,0.2157147061374154,0.8400227695417151,-0.033266294747591,-0.025832199778718243,0.01637603766543583,-0.04220823744415407,2016-06-30,1.83845016295957,1.2182341511306705,1.8328932521014591,1.2182341511306705
2016-10-18,-0.0960693850583283,0.6367318104091524,0.08272895709406924,0.639181750852913,-5.949077641330369,1.233495815795127,0.05873580000601564,0.0038378876271671913,156.0,575.0,0.2912928012807292,0.4553883966941896,0.0702907145023346,0.08446266017854208,0.0938504695685373,-0.009387809389995228,2016-09-30,1.8516428452320153,2.901437037881416,1.83845016295957,2.901437037881416
2017-01-18,0.14448259692407817,0.7755956109589235,-0.05092068625778268,0.2762064200561909,-20.649191772176767,-6.568465306819338,0.8263851163320624,0.35752438341631887,156.0,495.0,0.28184121833465525,0.8387889701936047,0.2976710796356201,0.28113479912281036,0.2204267008023129,0.06070809832049745,2016-12-31,1.8602551375354195,1.873485400290864,1.8516428452320153,1.873485400290864
2017-04-18,-0.0744834351605661,0.11311539832430384,0.18019498691845826,0.22861433061081016,-6.992522135019641,-4.820210181787754,0.5472208385033817,0.3166397107477792,98.0,533.0,-0.28840186476406515,0.38267685882376057,0.1882646828889846,0.2314995189507802,0.28412404225932225,-0.05262452330854206,2017-03-31,1.863474816272032,0.6941084840126344,1.8602551375354195,0.6941084840126344
2017-07-18,0.11886569577512773,0.9172186507408142,0.5594778329408356,1.1369728045226069,-5.695489292747258,-16.507975035944877,0.38596641105321794,1.2837854431192675,222.0,581.0,-0.022967951605767922,0.015588400620636378,0.0503269545733928,0.07478166340539845,0.14881020873371092,-0.07402854532831248,2017-06-30,1.875326036322037,2.5682678635183365,1.863474816272032,2.5682678635183365
2017-10-18,-0.07146070175849673,0.2576821831565823,-0.10149352483797003,-0.025773497957715108,-4.849434993861035,-7.682957894775022,0.2836677708594415,-0.5814667932662942,-33.0,274.0,0.546599570513262,1.0539448754481207,0.1080370992422103,0.0782352153832713,0.10464994334098361,-0.02641472795771231,2017-09-30,1.8891848368774644,2.988959770143218,1.875326036322037,2.988959770143218
2018-01-18,0.40952044988884495,1.0240196568787496,0.11850374829496246,0.4357237319336349,-8.59621690453043,2.807500428554377,0.8895461265921334,2.5390417129282916,148.0,611.0,0.1497311375380228,0.6432893752942981,0.2950645387172699,0.2826312114795048,0.24682947744925818,0.03580173403024664,2017-12-31,1.9011352925537308,2.554398544626535,1.8891848368774644,2.554398544626535
2018-04-18,0.011614883656996255,0.09793913617048844,0.17551528279522444,1.0085684980564835,1.8363178583676643,8.873593161978288,0.5135098505196112,1.304397763764431,103.0,605.0,-0.06291564101976732,0.6240821908965799,-0.0180922858417034,0.08230515189158415,0.15016333193311257,-0.06785818004152842,2018-03-31,1.9120598525238932,2.3184221625616397,1.9011352925537308,2.3184221625616397
2018-07-18,-0.01154049064844287,0.8410854487465258,0.21237311767876577,0.566560651557424,-13.08637284484675,-12.33561856787313,0.616767108992633,1.2149937066134875,213.0,632.0,0.12844243397109878,0.5576456680675079,-0.1436373740434646,-0.10529589522629974,-0.021208109167249266,-0.08408778605905048,2018-06-30,1.9311801766151897,4.060341849235494,1.9120598525238932,4.060341849235494
2018-10-18,0.22180755124292517,0.8582678875232119,0.221102123794914,0.6801609540550757,-5.428631291718755,2.01857148197071,0.2521561971660091,0.9496267281288162,134.0,569.0,0.0587488108354961,0.4522222040657553,0.0867506265640258,0.027874951968745627,-0.01665415767399988,0.04452910964274551,2018-09-30,1.9478635894712577,3.500626650278371,1.9311801766151897,3.500626650278371
2019-01-18,0.32537034764192896,0.8967499383114585,0.183425962933903,0.594412073627204,3.1543254040617086,-1.8928009885518904,0.34657942735352165,0.9251503613752377,312.0,762.0,-0.05656545030365834,0.2928317795877433,-0.0904934853315353,-0.05043791000110407,0.014730781166872455,-0.06516869116797652,2018-12-31,1.9603511194158516,2.589119330145362,1.9478635894712577,2.589119330145362
2019-04-18,0.11996218016498972,-0.07298345136170781,-0.15996065918510993,1.152550232963101,-9.123366114555065,-3.7166439875274904,-0.10500611686907746,-0.331870534640899,196.0,541.0,0.40807451638356085,0.5622747224888869,0.0595820061862468,0.08675470153490697,0.021449300943317602,0.06530540059158937,2019-03-31,1.9757150898904612,3.171990008951142,1.9603511194158516,3.171990008951142
2019-07-18,0.24904911089222992,1.310640753311354,0.2892869932676234,0.24947752907138465,-0.9531446265552468,4.405279986855426,-0.03530511363267763,-0.08235921760046949,224.0,512.0,0.0587705223984436,0.4542134364386996,-0.1229891553521156,-0.16581876948475838,-0.019250184315670705,-0.14656858516908766,2019-06-30,1.985792266800496,2.0558708571976503,1.9757150898904612,2.0558708571976503
2019-10-18,0.10431638075090177,0.5716966329920581,0.43747451909244006,0.7377650253509671,-9.848983272170475,1.8481843863799696,-0.3879518491229028,0.19156848854704478,136.0,470.0,0.022627170646849493,0.4115996218642337,-0.2385308295488357,-0.18773517956336336,-0.17067147033909955,-0.017063709224263812,2019-09-30,1.9952590389425475,1.9205802014299556,1.985792266800496,1.9205802014299556
2020-01-18,0.28108021831112495,0.565947678505907,0.3693974026447222,0.5320201107398503,15.653743963824063,23.912884703479076,-0.2959074709366405,-0.00977719419976708,145.0,553.0,0.21880702793124485,0.8324657336460817,0.1347043663263321,0.14079564089576396,-0.002478146533313627,0.1432737874290776,2019-12-31,2.0055535385766103,2.079819257272719,1.9952590389425475,2.079819257272719
2020-04-18,0.0973858302536712,0.28499057539477235,0.43871854092074614,0.7739930755727542,-25.1679858579144,-27.506165047060183,-5.552213846964182,-5.582506232584272,-701.0,-212.0,-0.42436954768838575,-0.19016382665428821,-0.5875408053398132,-0.5165374378363291,-0.17484394256284255,-0.3416934952734866,2020-03-31,1.9811290886109711,-4.78309545289668,2.0055535385766103,-4.78309545289668
2020-07-18,7.759898004616339,-11.882716604830001,-5.091223227213604,5.825244307472488,15.96463605371996,-6.764288815671637,5.272396472782415,-6.941381592354379,4800.0,-13288.0,0.5637639643680359,-0.2868974553468462,-0.4739723205566406,-0.5582081864277522,-0.5993216974867714,0.04111351105901928,2020-06-30,1.7930265108459442,-32.9041367717541,1.9811290886109711,-32.9041367717541
2020-10-18,0.6710153106446626,7.562315566775801,-3.5616566463556154,-5.614552605713996,-5.228150651004082,31.05402105278312,-0.6338147591618437,3.9162747531055864,661.0,3911.0,0.20311996058168802,1.1576731027645337,-0.2237671762704849,-0.2452455962697665,-0.3366901081469324,0.0914445118771659,2020-09-30,1.925823135678796,33.081827329538996,1.7930265108459442,33.081827329538996
2021-01-18,-0.44759236007170244,0.9693552456075949,-1.2681573773775767,-1.4499286444324966,1.2357880846599834,11.931944480509493,1.5597091591543766,3.0028965075493907,-140.0,850.0,0.36663441963362686,0.600020191543571,-0.0642066523432731,-0.1252687906225522,-0.1387839902606275,0.013515199638075293,2020-12-31,1.9448575559141887,4.012514354302965,1.925823135678796,4.012514354302965
2021-04-18,-1.2325400056480973,0.8281652525759853,-8.54232705388771,2.137991801138206,17.693070815907852,4.048660894348277,1.4301029549828925,-0.29950462779337883,916.0,1617.0,0.6182376487946506,1.2284685975048504,0.1234574392437934,0.07585710597534968,0.007273210697813829,0.06858389527753586,2021-03-31,1.9751920515596424,6.386402453931117,1.9448575559141887,6.386402453931117
2021-07-18,-0.4294641958539458,4.1730942779652835,-2.789011950057585,1.2895565737206738,3.5613993640620123,8.285624635766808,0.4420561625273933,1.1607128274519596,850.0,1702.0,0.9007867674829306,2.3100319052599794,0.081832118332386,0.08253770669301345,0.10401840168568817,-0.021480694992674715,2021-06-30,2.0065495186543116,6.503090601784511,1.9751920515596424,6.503090601784511
2021-10-18,0.42233532617359515,0.5478422326831378,-0.2960155423147981,-0.08915314727051538,3.850270472916417,1.3088376306596317,-1.2957368133111657,-0.40590270174982734,194.0,1651.0,0.411587897132204,1.1582921513475064,-0.1557385772466659,-0.0967732012698737,0.004559187648717633,-0.10133238891859132,2021-09-30,2.016586767650988,2.0159609351957597,2.0065495186543116,2.0159609351957597
2022-01-18,0.03166675089616433,1.037245650497276,-0.21961180435461358,-2.1778943118837546,11.14008247534608,6.521375401926299,-0.10240837112256429,1.8581145498133722,199.0,1096.0,0.46935006886323904,2.1843453226144227,0.0417154431343078,0.02117566337498523,0.010167530049673364,0.011008133325311868,2021-12-31,2.0504471629778083,6.8874405829691066,2.016586767650988,6.8874405829691066
2022-04-18,-0.3684671222602631,0.3172219507439067,-0.1626499889894717,-0.8248825243807545,6.540567673322251,3.802301349709669,0.913658013558738,2.8563880202685077,431.0,1685.0,1.2331198935925158,2.6706574964422636,-0.1341146677732467,-0.1679348366955916,-0.09452059076478082,-0.07341424593081076,2022-03-31,2.0431595170815893,-1.4141082320260456,2.0504471629778083,-1.4141082320260456
2022-07-18,-0.3935966698461968,0.18223928805696232,-0.06336801183692842,-0.18998369744114285,-15.571728384300254,-13.731698773778245,-0.19919820004874467,0.6114581069762259,372.0,1124.0,1.3135795095667646,2.614052616912854,-0.1630593538284301,-0.15982561310132343,-0.09259753384111613,-0.0672280792602073,2022-06-30,2.038370997409529,-0.9341829174048688,2.0431595170815893,-0.9341829174048688
2022-10-18,0.10200323894640206,0.22184823487076955,0.07821147986390997,0.15714776778832373,11.492996667397737,0.8288220860102058,0.3776988132845105,1.0302354561850358,263.0,1115.0,0.3852255258099291,0.48404979588605457,-0.1962471008300781,-0.14207109610239663,-0.13413341316497984,-0.007937682937416785,2022-09-30,2.0513264385604657,2.566653132516228,2.038370997409529,2.566653132516228
2023-01-18,0.006295973726722082,0.7470843125606308,0.25961086185333215,0.6273886749891489,-0.48934036827290583,-5.52099310910652,-0.7254649037917282,-1.3406365321832148,223.0,742.0,-0.07946873725943604,0.4542153779794944,-0.076586365699768,-0.09830469998220599,-0.13480029242734112,0.03649559244513513,2022-12-31,2.0659972235260295,2.8915771510115373,2.0513264385604657,2.8915771510115373
2023-04-18,-0.10921702227548735,1.1403095053550416,0.1947931900103228,1.864732397864266,-0.8415196925284363,5.203485912305439,0.37614648307053855,1.5156139525680956,236.0,1034.0,0.053027893914148194,0.9380925588025946,-0.21718829870224,-0.22602312828724583,-0.11421323947142807,-0.11180988881581776,2023-03-31,2.071462227512524,1.0622911479685415,2.0659972235260295,1.0622911479685415
2023-07-18,-0.025716142581266865,0.17741294897479776,0.30873909189015336,0.5817605796304193,19.65237096760566,12.733185301284422,-0.5434764180241913,-0.4062280792314965,209.0,732.0,0.1801906159266231,0.6713484661088565,-0.0526169426739215,-0.16928400211036201,-0.25845026990605724,0.08916626779569523,2023-06-30,2.0838533601364686,2.414286672823285,2.071462227512524,2.414286672823285
2023-10-18,0.05362190227806707,0.9441899068832527,-0.16336560554872648,-0.42395904899024117,6.778384040425411,-4.323439897343118,0.284639572447265,1.2812948628165621,336.0,799.0,0.3949495968879724,1.1908758455233759,-0.0795023962855339,-0.05358611963068443,-0.03660271799502272,-0.016983401635661713,2023-09-30,2.108813920486494,4.878005738763758,2.0838533601364686,4.878005738763758
2024-01-18,0.31997143052269195,0.7594246316376285,0.42347471949284454,0.624288737011014,-4.355797433913011,7.389724620204152,0.052607410854665915,-0.8265577967474513,216.0,494.0,0.3025456004214,0.44424254222166226,0.0791080892086029,0.12142026747266446,0.06276673277477834,0.05865353469788612,2023-12-31,2.125894600149586,3.2794404339249184,2.108813920486494,3.2794404339249184
2024-04-18,0.4286136046237843,0.6676710762150151,-0.08914261341281815,0.1152356400623944,-15.922053589454332,-17.0135572028423,0.38825410770684243,0.04170064647714966,303.0,829.0,0.37735651661190417,1.1234119038006973,0.1267484128475189,0.15934010644753768,0.13304309152687585,0.026297014920661832,2024-03-31,2.134294503101161,1.5898848740383054,2.125894600149586,1.5898848740383054
2024-07-18,0.2562208213877426,0.4555322410883633,0.45811733497469476,0.6030050427980882,2.9248429126232267,4.072961150018806,0.642383660512813,1.5386909115371772,206.0,532.0,-0.056205432329470284,0.26196320949960494,0.1001455634832382,0.07137156097839271,0.0745035925880074,-0.0031320316096146855,2024-06-30,2.1492979345137293,2.841665636576818,2.134294503101161,2.841665636576818
2024-10-18,0.14678536523664576,0.6472231998554179,0.06644650591045576,0.23759325908230267,-0.5156549179245573,1.8636394758974717,-0.2832062452878148,-0.5673564626457406,254.0,557.0,0.1797054269596643,0.5215588459633658,0.1328354477882385,0.10221751543382798,0.07682299553416666,0.025394519899661322,2024-09-30,2.164322165376739,2.825574212574633,2.1492979345137293,2.825574212574633
2025-01-18,0.27505074323883605,0.9212435343632919,0.14996197172365555,0.8432686830479597,14.706002304175225,10.099676478879616,0.9143934382617402,0.5804932062455137,256.0,511.0,0.3923515502728847,0.948500953971898,0.1646957099437713,0.15785481606920554,0.1982889833549658,-0.04043416728576027,2024-12-31,2.176402908449056,2.25147032725097,2.164322165376739,2.25147032725097
2025-04-18,0.10205399910692137,0.04302212017908147,0.5353283474615722,0.9267760104537004,-12.079962919580911,-14.199247534744863,-0.3181021896300429,0.7453892329913003,228.0,456.0,-0.05004770276029191,0.6314971285656057,-0.163920909166336,-0.12641804218292235,0.00539260051316683,-0.1318106426960892,2025-03-31,2.1748993619294197,-0.276049837243153,2.176402908449056,-0.276049837243153
2025-07-18,-0.27763017215107766,0.493561389420627,-0.6906151177085817,0.583509121247161,4.4899182171834084,-2.5412428791476316,0.3340923897678927,0.32637516433808855,147.0,449.0,0.2865688479938733,0.5880397219820033,-0.0243311058729887,-0.06451058549185591,-0.07898111751096114,0.014470532019105226,2025-06-30,2.1908618890541307,2.9682518058413487,2.1748993619294197,2.9682518058413487
2025-10-18,0.3490657891088489,0.9905779956790539,0.11002226434317919,0.30714849446074055,-8.92404643056457,1.9313076143606445,0.09714080451095342,0.25368876193310186,22.0,88.0,0.38172242615797103,0.8646768494871893,-0.1547977328300476,-0.06609777764727669,-0.012535824582058312,-0.053561953065218375,2025-09-30,2.2142701535462512,4.342784438492475,2.1908618890541307,4.342784438492475
2026-01-18,0.10837890321706567,0.9134471091751806,0.05378326582974324,0.4338618505501657,-4.703061048897794,-13.071845124790826,0.3644061291788958,0.5361034167914447,50.0,-67.0,0.30688392762883154,0.8210777979980044,0.0254647955298423,0.023208037290411654,-0.04367611021993474,0.0668841475103464,2025-12-31,2.22210323325916,1.4225441492190738,2.2142701535462512,1.4225441492190738
2026-04-18,0.10365333981781077,0.19901339118550965,-0.4536455074592993,0.1227217852491691,6.961752614532379,15.617020256008729,-0.5429785381966035,0.17551532004835835,178.0,205.0,0.8614229105845972,1.2987670446904964,-0.201432466506958,-0.19726633330186208,-0.061228053200627804,-0.13603828010123428,2026-03-31,2.233075121012065,1.9897217789708987,2.22210323325916,1.9897217789708987
2026-07-18,0.26146927113188667,0.5308159992017281,0.25053878916683203,-0.3779589744006273,17.408646244932235,-6.445092094479499,0.07690055110920468,1.001003674554557,57.0,334.0,-0.42337662840106205,0.6864211147331822,0.1094744205474853,0.03171497141011057,-0.049439707413936634,0.0811546788240472,2026-06-30,2.241403294085198,1.5001516732581657,2.233075121012065,1.5001516732581657
